{
  "builders": [
    {
      "type": "virtualbox-iso",
      "iso_url": "http://download.microsoft.com/download/6/2/A/62A76ABB-9990-4EFC-A4FE-C7D698DAEB96/9600.16384.WINBLUE_RTM.130821-1623_X64FRE_SERVER_EVAL_EN-US-IRM_SSS_X64FREE_EN-US_DV5.ISO",
      "iso_checksum_type": "md5",
      "iso_checksum": "458ff91f8abc21b75cb544744bf92e6a",
      "headless": true,
      "boot_wait": "2m",
      "ssh_username": "vagrant",
      "ssh_password": "vagrant",
      "ssh_wait_timeout": "6h",
      "shutdown_command": "shutdown /s /t 10 /f /d p:4:1 /c \"Packer Shutdown\"",
      "guest_os_type": "Windows2012_64",
      "disk_size": 61440,
      "floppy_files": [
        "./answer_files/2012_r2/Autounattend.xml",
        "./scripts/microsoft-updates.bat",
        "./scripts/win-updates.ps1",
        "./scripts/openssh.ps1",
        "./scripts/oracle-cert.cer"
      ],
      "vboxmanage": [
        [
          "modifyvm",
          "{{.Name}}",
          "--memory",
          "2048"
        ],
        [
          "modifyvm",
          "{{.Name}}",
          "--cpus",
          "2"
        ]
      ]
    }
  ],
  "provisioners": [
    {
      "type": "shell",
      "remote_path": "/tmp/script.bat",
      "execute_command": "{{.Vars}} cmd /c C:/Windows/Temp/script.bat",
      "scripts": [
        "./scripts/vm-guest-tools.bat",
        "./scripts/chef.bat",
        "./scripts/vagrant-ssh.bat",
        "./scripts/enable-rdp.bat",
        "./scripts/compile-dotnet-assemblies.bat",
        "./scripts/disable-auto-logon.bat",
        "./scripts/compact.bat"
      ]
    },
    {
      "type": "shell",
      "inline": [
        "rm -rf /tmp/*"
      ]
    }
  ],
  "post-processors": [
    {
      "type": "vagrant",
      "keep_input_artifact": false,
      "output": "windows_2012_r2_{{.Provider}}.box",
      "vagrantfile_template": "vagrantfile-windows_2012_r2.template"
    }
  ]
}
