{
  "builders": [
    {
      "type": "virtualbox-iso",
      "iso_url": "C:/Users/deux/Downloads/dev/Windows Server 2012 R2 with Update (x64) - DVD (English)/en_windows_server_2012_r2_with_update_x64_dvd_4065220.iso",
      "iso_checksum_type": "md5",
      "iso_checksum": "AF6A7F966B4C4E31DA5BC3CDC3AFCBEC",
      "headless": true,
      "boot_wait": "2m",
      "ssh_username": "vagrant",
      "ssh_password": "vagrant",
      "ssh_wait_timeout": "6h",
      "shutdown_command": "shutdown /s /t 10 /f /d p:4:1 /c \"Packer Shutdown\"",
      "guest_os_type": "Windows2012_64",
      "disk_size": 61440,
      "floppy_files": [
        "./answer_files/2012_r2/Autounattend.xml",
        "./scripts/microsoft-updates.bat",
        "./scripts/win-updates.ps1",
        "./scripts/openssh.ps1",
        "./scripts/oracle-cert.cer"
      ],
      "vboxmanage": [
        [
          "modifyvm",
          "{{.Name}}",
          "--memory",
          "2048"
        ],
        [
          "modifyvm",
          "{{.Name}}",
          "--cpus",
          "2"
        ]
      ]
    }
  ],
  "provisioners": [
    {
      "type": "shell",
      "remote_path": "/tmp/script.bat",
      "execute_command": "{{.Vars}} cmd /c C:/Windows/Temp/script.bat",
      "scripts": [
        "./scripts/vm-guest-tools.bat",
        "./scripts/chef.bat",
        "./scripts/vagrant-ssh.bat",
        "./scripts/enable-rdp.bat",
        "./scripts/compile-dotnet-assemblies.bat",
        "./scripts/disable-auto-logon.bat",
        "./scripts/compact.bat"
      ]
    },
    {
      "type": "shell",
      "inline": [
        "rm -rf /tmp/*"
      ]
    }
  ],
  "post-processors": [
    {
      "type": "vagrant",
      "keep_input_artifact": false,
      "output": "windows_2012_r2_{{.Provider}}.box",
      "vagrantfile_template": "vagrantfile-windows_2012_r2.template"
    }
  ]
}
