﻿<parameters>
  <parameter name="IIS Web Application Name" defaultValue="Default Web Site/ContosoUniversity" tags="IisApp">
    <parameterEntry kind="ProviderPath" scope="IisApp" match="^C:\\Users\\deux\\Documents\\HoGent\\projectII_localonly\\test-project\\Contoso\\ContosoUniversity\\obj\\Release\\Package\\PackageTmp$" />
    <parameterEntry kind="ProviderPath" scope="setAcl" match="^C:\\Users\\deux\\Documents\\HoGent\\projectII_localonly\\test-project\\Contoso\\ContosoUniversity\\obj\\Release\\Package\\PackageTmp$" />
  </parameter>
  <parameter name="SchoolContext-Web.config Connection String" defaultValue="Data Source=.\SQLExpress;Initial Catalog=ContosoUniversity;Integrated Security=True">
    <parameterEntry kind="XmlFile" scope="C:\\Users\\deux\\Documents\\HoGent\\projectII_localonly\\test-project\\Contoso\\ContosoUniversity\\obj\\Release\\Package\\PackageTmp\\Web\.config$" match="/configuration/connectionStrings/add[@name='SchoolContext']/@connectionString" />
  </parameter>
  <parameter name="SchoolContext_DatabasePublish-Web.config Connection String" description="SchoolContext Connection String used by Entity Framework Code First Model to deploy the database." defaultValue="Data Source=.\SQLExpress;Initial Catalog=ContosoUniversity;Integrated Security=True">
    <parameterEntry kind="XmlFile" scope="C:\\Users\\deux\\Documents\\HoGent\\projectII_localonly\\test-project\\Contoso\\ContosoUniversity\\obj\\Release\\Package\\PackageTmp\\Web\.config$" match="/configuration/connectionStrings/add[@name='SchoolContext_DatabasePublish']/@connectionString" />
  </parameter>
  <parameter name="DefaultConnection-Web.config Connection String" description="DefaultConnection Connection String used in web.config by the application to access the database." defaultValue="Data Source=(LocalDb)\v11.0;Integrated Security=SSPI;Initial Catalog=aspnet-ContosoUniversity;AttachDBFilename=|DataDirectory|\aspnet-ContosoUniversity.mdf" tags="SqlConnectionString">
    <parameterEntry kind="XmlFile" scope="C:\\Users\\deux\\Documents\\HoGent\\projectII_localonly\\test-project\\Contoso\\ContosoUniversity\\obj\\Release\\Package\\PackageTmp\\Web\.config$" match="/configuration/connectionStrings/add[@name='DefaultConnection']/@connectionString" />
  </parameter>
</parameters>